{
  "$schema": "./node_modules/nx/schemas/nx-schema.json",
  "npmScope": "go-shule",
  "affected": {
    "defaultBase": "main"
  },
  "cli": {
    "defaultCollection": "@nrwl/nest"
  },
  "implicitDependencies": {
    "package.json": {
      "dependencies": "*",
      "devDependencies": "*"
    },
    ".eslintrc.json": "*"
  },
  "tasksRunnerOptions": {
    "default": {
      "runner": "nx/tasks-runners/default",
      "options": {
        "cacheableOperations": ["build", "lint", "test", "e2e"]
      }
    }
  },
  "targetDependencies": {
    "build": [
      {
        "target": "build",
        "projects": "dependencies"
      }
    ]
  },
  "defaultProject": "goshule"
}
